{
 "page": "page_0062",
 "image": "page_0062.jpg",
 "seed": 1337,
 "doc_id": "W2-0002",
 "doc_class": "w2",
 "page_in_doc": 1,
 "distortions": [
  "rotate",
  "skew",
  "perspective"
 ],
 "artifacts": [],
 "overlays": [
  "watermark"
 ],
 "orientation": 0,
 "size": [
  1000,
  1414
 ],
 "homography": [
  [
   1.0811559619751194,
   0.048168390615500684,
   -74.63303315271867
  ],
  [
   0.13622181133541542,
   0.9653667089239725,
   -43.625168876956195
  ],
  [
   0.00015818213949840045,
   -4.856560540555808e-05,
   0.9552448132725293
  ]
 ],
 "n_tokens": 58,
 "n_handwritten": 0,
 "n_redacted": 1,
 "n_cells": 21
}