{
 "page": "page_0050",
 "image": "page_0050.jpg",
 "seed": 1337,
 "doc_id": "POL-0005",
 "doc_class": "policy",
 "page_in_doc": 3,
 "distortions": [
  "rotate",
  "perspective"
 ],
 "artifacts": [
  "crease"
 ],
 "overlays": [
  "stamp"
 ],
 "orientation": 0,
 "size": [
  1000,
  1414
 ],
 "homography": [
  [
   1.0131639136667552,
   0.048532447356188564,
   -40.89439711420289
  ],
  [
   0.0464419525108146,
   1.106855915311555,
   -98.76810838067661
  ],
  [
   2.7073317272639503e-05,
   0.00015166712911049408,
   0.879234681082561
  ]
 ],
 "n_tokens": 53,
 "n_handwritten": 4,
 "n_redacted": 0,
 "n_cells": 20
}