{
 "page": "page_0042",
 "image": "page_0042.jpg",
 "seed": 1337,
 "doc_id": "POL-0002",
 "doc_class": "policy",
 "page_in_doc": 2,
 "distortions": [
  "rotate",
  "skew"
 ],
 "artifacts": [],
 "overlays": [],
 "orientation": 0,
 "size": [
  1000,
  1414
 ],
 "homography": [
  [
   1.0001997106714438,
   -0.07361942022337144,
   51.94907476220175
  ],
  [
   -0.002664516135694097,
   0.9999964501705807,
   1.3347677972465135
  ],
  [
   0.0,
   0.0,
   1.0
  ]
 ],
 "n_tokens": 58,
 "n_handwritten": 3,
 "n_redacted": 0,
 "n_cells": 26
}