{
 "page": "page_0071",
 "image": "page_0071.jpg",
 "seed": 1337,
 "doc_id": "INV-0003",
 "doc_class": "dealer_invoice",
 "page_in_doc": 1,
 "distortions": [
  "skew",
  "perspective"
 ],
 "artifacts": [
  "staple",
  "crease"
 ],
 "overlays": [],
 "orientation": 0,
 "size": [
  1000,
  1414
 ],
 "homography": [
  [
   1.0661490478833597,
   0.09370205556715643,
   -99.32187722765946
  ],
  [
   0.09353475370707068,
   1.0586431277120028,
   -88.22806814592127
  ],
  [
   0.0001322980957667195,
   8.294643240735897e-05,
   0.8752078244046375
  ]
 ],
 "n_tokens": 56,
 "n_handwritten": 1,
 "n_redacted": 0,
 "n_cells": 34
}