{
 "page": "page_0044",
 "image": "page_0044.jpg",
 "seed": 1337,
 "doc_id": "POL-0003",
 "doc_class": "policy",
 "page_in_doc": 2,
 "distortions": [
  "rotate",
  "skew",
  "perspective"
 ],
 "artifacts": [
  "staple"
 ],
 "overlays": [],
 "orientation": 0,
 "size": [
  1000,
  1414
 ],
 "homography": [
  [
   0.9636193946890402,
   -0.08966829604919425,
   81.58578796226027
  ],
  [
   -0.05892683705610566,
   1.029126967062474,
   8.87065281488367
  ],
  [
   -7.422536577139009e-05,
   4.122739084323988e-05,
   1.0079649175595244
  ]
 ],
 "n_tokens": 53,
 "n_handwritten": 4,
 "n_redacted": 0,
 "n_cells": 20
}