{
 "page": "page_0078",
 "image": "page_0078.jpg",
 "seed": 1337,
 "doc_id": "DL-0002",
 "doc_class": "driver_license",
 "page_in_doc": 1,
 "distortions": [
  "rotate"
 ],
 "artifacts": [
  "coffee"
 ],
 "overlays": [],
 "orientation": 0,
 "size": [
  1000,
  1414
 ],
 "homography": [
  [
   0.9954562837392467,
   0.09521967844961686,
   -65.04845453350242
  ],
  [
   -0.09521967844961686,
   0.9954562837392467,
   50.82224662116107
  ],
  [
   0.0,
   0.0,
   1.0
  ]
 ],
 "n_tokens": 30,
 "n_handwritten": 2,
 "n_redacted": 0,
 "n_cells": 0
}