{
 "page": "page_0065",
 "image": "page_0065.jpg",
 "seed": 1337,
 "doc_id": "W2-0005",
 "doc_class": "w2",
 "page_in_doc": 1,
 "distortions": [
  "rotate"
 ],
 "artifacts": [
  "staple",
  "crease"
 ],
 "overlays": [],
 "orientation": 0,
 "size": [
  1000,
  1414
 ],
 "homography": [
  [
   0.9996007116691852,
   -0.02825627771767899,
   20.176832511806424
  ],
  [
   0.02825627771767899,
   0.9996007116691852,
   -13.845842008953468
  ],
  [
   0.0,
   0.0,
   1.0
  ]
 ],
 "n_tokens": 58,
 "n_handwritten": 0,
 "n_redacted": 0,
 "n_cells": 21
}