{
 "page": "page_0051",
 "image": "page_0051.jpg",
 "seed": 1337,
 "doc_id": "PAY-0001",
 "doc_class": "paystub",
 "page_in_doc": 1,
 "distortions": [
  "rotate",
  "skew"
 ],
 "artifacts": [
  "staple",
  "lowdpi"
 ],
 "overlays": [
  "watermark"
 ],
 "orientation": 0,
 "size": [
  1000,
  1414
 ],
 "homography": [
  [
   1.0020896324908406,
   -0.03548805022460789,
   24.045235263377492
  ],
  [
   -0.03823491794232225,
   0.9992687781822986,
   19.634432796275973
  ],
  [
   0.0,
   0.0,
   1.0
  ]
 ],
 "n_tokens": 49,
 "n_handwritten": 1,
 "n_redacted": 0,
 "n_cells": 24
}