{
 "page": "page_0093",
 "image": "page_0093.jpg",
 "seed": 1337,
 "doc_id": "INS-0003",
 "doc_class": "insurance_card",
 "page_in_doc": 1,
 "distortions": [
  "rotate",
  "skew",
  "perspective"
 ],
 "artifacts": [
  "holes"
 ],
 "overlays": [],
 "orientation": 180,
 "size": [
  1000,
  1414
 ],
 "homography": [
  [
   0.9787642413356025,
   0.1482630122481963,
   -94.20407032727599
  ],
  [
   -0.09345562486780007,
   0.9911000829424331,
   53.0200537935998
  ],
  [
   -2.506219779485616e-05,
   -8.525844830861544e-06,
   1.0185588711928473
  ]
 ],
 "n_tokens": 29,
 "n_handwritten": 0,
 "n_redacted": 0,
 "n_cells": 0
}