{
 "page": "page_0088",
 "image": "page_0088.jpg",
 "seed": 1337,
 "doc_id": "TTL-0004",
 "doc_class": "vehicle_title",
 "page_in_doc": 1,
 "distortions": [
  "rotate",
  "skew"
 ],
 "artifacts": [],
 "overlays": [],
 "orientation": 0,
 "size": [
  1000,
  1414
 ],
 "homography": [
  [
   1.0001981161407265,
   0.01232834513648864,
   -8.815198081860729
  ],
  [
   -0.03572834009415478,
   0.99936153904086,
   18.315561945189415
  ],
  [
   0.0,
   0.0,
   1.0
  ]
 ],
 "n_tokens": 37,
 "n_handwritten": 2,
 "n_redacted": 0,
 "n_cells": 0
}