{
 "page": "page_0092",
 "image": "page_0092.jpg",
 "seed": 1337,
 "doc_id": "INS-0002",
 "doc_class": "insurance_card",
 "page_in_doc": 1,
 "distortions": [
  "rotate",
  "skew"
 ],
 "artifacts": [
  "staple"
 ],
 "overlays": [
  "watermark",
  "stamp"
 ],
 "orientation": 0,
 "size": [
  1000,
  1414
 ],
 "homography": [
  [
   0.9929886820258149,
   -0.12087553305751511,
   88.96466085875574
  ],
  [
   0.09574439844296455,
   0.9954059524469375,
   -44.624207601467106
  ],
  [
   0.0,
   0.0,
   1.0
  ]
 ],
 "n_tokens": 29,
 "n_handwritten": 0,
 "n_redacted": 0,
 "n_cells": 0
}