{
 "page": "page_0032",
 "image": "page_0032.jpg",
 "seed": 1337,
 "doc_id": "VER-0004",
 "doc_class": "verification",
 "page_in_doc": 3,
 "distortions": [
  "rotate"
 ],
 "artifacts": [
  "staple",
  "crease",
  "lowdpi"
 ],
 "overlays": [
  "watermark"
 ],
 "orientation": 0,
 "size": [
  1000,
  1414
 ],
 "homography": [
  [
   0.998280669262574,
   -0.058614890400540506,
   42.300392881895164
  ],
  [
   0.058614890400540506,
   0.998280669262574,
   -28.091878368910102
  ],
  [
   0.0,
   0.0,
   1.0
  ]
 ],
 "n_tokens": 141,
 "n_handwritten": 2,
 "n_redacted": 0,
 "n_cells": 89
}