{
 "page": "page_0004",
 "image": "page_0004.jpg",
 "seed": 1337,
 "doc_id": "APP-0004",
 "doc_class": "application",
 "page_in_doc": 1,
 "distortions": [
  "rotate",
  "skew",
  "perspective"
 ],
 "artifacts": [
  "staple",
  "crease"
 ],
 "overlays": [
  "watermark",
  "stamp"
 ],
 "orientation": 0,
 "size": [
  1000,
  1414
 ],
 "homography": [
  [
   1.012962998308759,
   0.04878407010493352,
   -40.97183671856749
  ],
  [
   0.02742260562946857,
   0.9439266147113136,
   25.932580584366974
  ],
  [
   2.396302023256499e-05,
   -7.92340321310385e-05,
   1.0440369506003617
  ]
 ],
 "n_tokens": 71,
 "n_handwritten": 9,
 "n_redacted": 0,
 "n_cells": 21
}