{
 "page": "page_0045",
 "image": "page_0045.jpg",
 "seed": 1337,
 "doc_id": "POL-0003",
 "doc_class": "policy",
 "page_in_doc": 3,
 "distortions": [
  "rotate",
  "skew",
  "perspective"
 ],
 "artifacts": [],
 "overlays": [
  "watermark"
 ],
 "orientation": 0,
 "size": [
  1000,
  1414
 ],
 "homography": [
  [
   0.9234338801049697,
   0.03840806590216574,
   11.128557354683949
  ],
  [
   -0.19557449626753612,
   0.9177215648319093,
   155.95810179760826
  ],
  [
   -0.00014437115300113297,
   -0.0001101800998637465,
   1.1500829071042353
  ]
 ],
 "n_tokens": 49,
 "n_handwritten": 0,
 "n_redacted": 0,
 "n_cells": 20
}