{
 "page": "page_0043",
 "image": "page_0043.jpg",
 "seed": 1337,
 "doc_id": "POL-0003",
 "doc_class": "policy",
 "page_in_doc": 1,
 "distortions": [
  "rotate",
  "skew",
  "perspective"
 ],
 "artifacts": [
  "crease"
 ],
 "overlays": [
  "watermark"
 ],
 "orientation": 0,
 "size": [
  1000,
  1414
 ],
 "homography": [
  [
   0.9860204988732676,
   0.03222273068318253,
   -15.791720029643784
  ],
  [
   -0.07261722639338317,
   1.02416025915637,
   19.22730997313795
  ],
  [
   -2.919022005121154e-05,
   3.608503486205697e-05,
   0.9890829903781315
  ]
 ],
 "n_tokens": 53,
 "n_handwritten": 5,
 "n_redacted": 0,
 "n_cells": 20
}