{
 "page": "page_0058",
 "image": "page_0058.jpg",
 "seed": 1337,
 "doc_id": "PAY-0008",
 "doc_class": "paystub",
 "page_in_doc": 1,
 "distortions": [
  "rotate"
 ],
 "artifacts": [],
 "overlays": [
  "watermark"
 ],
 "orientation": 0,
 "size": [
  1000,
  1414
 ],
 "homography": [
  [
   0.9996188907291972,
   -0.027605675092802262,
   19.707766926012596
  ],
  [
   0.027605675092802262,
   0.9996188907291972,
   -13.533393291943526
  ],
  [
   0.0,
   0.0,
   1.0
  ]
 ],
 "n_tokens": 49,
 "n_handwritten": 1,
 "n_redacted": 0,
 "n_cells": 24
}