{
 "page": "page_0079",
 "image": "page_0079.jpg",
 "seed": 1337,
 "doc_id": "DL-0003",
 "doc_class": "driver_license",
 "page_in_doc": 1,
 "distortions": [
  "rotate"
 ],
 "artifacts": [
  "crease"
 ],
 "overlays": [],
 "orientation": 0,
 "size": [
  1000,
  1414
 ],
 "homography": [
  [
   0.9959007889084324,
   0.09045230042161526,
   -61.900170852298174
  ],
  [
   -0.09045230042161526,
   0.9959007889084324,
   48.124292452546
  ],
  [
   0.0,
   0.0,
   1.0
  ]
 ],
 "n_tokens": 30,
 "n_handwritten": 2,
 "n_redacted": 0,
 "n_cells": 0
}