{
 "page": "page_0086",
 "image": "page_0086.jpg",
 "seed": 1337,
 "doc_id": "TTL-0002",
 "doc_class": "vehicle_title",
 "page_in_doc": 1,
 "distortions": [
  "rotate"
 ],
 "artifacts": [],
 "overlays": [
  "watermark"
 ],
 "orientation": 0,
 "size": [
  1000,
  1414
 ],
 "homography": [
  [
   0.9999977012353657,
   0.0021441837571129366,
   -1.5147885339616778
  ],
  [
   -0.0021441837571129366,
   0.9999977012353657,
   1.073717105152923
  ],
  [
   0.0,
   0.0,
   1.0
  ]
 ],
 "n_tokens": 37,
 "n_handwritten": 2,
 "n_redacted": 0,
 "n_cells": 0
}