{
 "page": "page_0011",
 "image": "page_0011.jpg",
 "seed": 1337,
 "doc_id": "APP-0011",
 "doc_class": "application",
 "page_in_doc": 1,
 "distortions": [
  "rotate",
  "perspective"
 ],
 "artifacts": [
  "staple"
 ],
 "overlays": [],
 "orientation": 0,
 "size": [
  1000,
  1414
 ],
 "homography": [
  [
   0.9781394538311019,
   0.014039174816216556,
   1.0045764893839078
  ],
  [
   -0.024684797378129467,
   1.0285973507477688,
   -7.8759282896078275
  ],
  [
   -4.368266625628079e-05,
   4.0476044962555235e-05,
   0.9932247693396139
  ]
 ],
 "n_tokens": 70,
 "n_handwritten": 9,
 "n_redacted": 0,
 "n_cells": 21
}