{
 "page": "page_0020",
 "image": "page_0020.jpg",
 "seed": 1337,
 "doc_id": "VER-0001",
 "doc_class": "verification",
 "page_in_doc": 4,
 "distortions": [
  "rotate"
 ],
 "artifacts": [
  "holes",
  "staple"
 ],
 "overlays": [
  "stamp"
 ],
 "orientation": 0,
 "size": [
  1000,
  1414
 ],
 "homography": [
  [
   0.9948613223246784,
   -0.1012469720159197,
   74.15094805291602
  ],
  [
   0.1012469720159197,
   0.9948613223246784,
   -46.99044089150743
  ],
  [
   0.0,
   0.0,
   1.0
  ]
 ],
 "n_tokens": 140,
 "n_handwritten": 0,
 "n_redacted": 0,
 "n_cells": 89
}