{
 "page": "page_0031",
 "image": "page_0031.jpg",
 "seed": 1337,
 "doc_id": "VER-0004",
 "doc_class": "verification",
 "page_in_doc": 2,
 "distortions": [
  "rotate"
 ],
 "artifacts": [
  "holes"
 ],
 "overlays": [],
 "orientation": 0,
 "size": [
  1000,
  1414
 ],
 "homography": [
  [
   0.9984629231359967,
   0.05542374150777522,
   -38.41604681399542
  ],
  [
   -0.05542374150777522,
   0.9984629231359967,
   28.798584096737954
  ],
  [
   0.0,
   0.0,
   1.0
  ]
 ],
 "n_tokens": 134,
 "n_handwritten": 1,
 "n_redacted": 0,
 "n_cells": 89
}