{
 "page": "page_0089",
 "image": "page_0089.jpg",
 "seed": 1337,
 "doc_id": "TTL-0005",
 "doc_class": "vehicle_title",
 "page_in_doc": 1,
 "distortions": [
  "rotate",
  "perspective"
 ],
 "artifacts": [],
 "overlays": [],
 "orientation": 0,
 "size": [
  1000,
  1414
 ],
 "homography": [
  [
   0.973532523933501,
   0.02226300202649334,
   -2.5062043994813052
  ],
  [
   -0.03750667911782334,
   1.0313643963666888,
   -3.421288672337255
  ],
  [
   -5.2934945462572014e-05,
   4.4362658701416816e-05,
   0.9951030730293843
  ]
 ],
 "n_tokens": 37,
 "n_handwritten": 2,
 "n_redacted": 0,
 "n_cells": 0
}