{
 "page": "page_0026",
 "image": "page_0026.jpg",
 "seed": 1337,
 "doc_id": "VER-0003",
 "doc_class": "verification",
 "page_in_doc": 1,
 "distortions": [
  "rotate"
 ],
 "artifacts": [],
 "overlays": [
  "stamp"
 ],
 "orientation": 0,
 "size": [
  1000,
  1414
 ],
 "homography": [
  [
   0.9964675258313545,
   0.0839789852495189,
   -57.60690548708715
  ],
  [
   -0.0839789852495189,
   0.9964675258313545,
   44.486951861991884
  ],
  [
   0.0,
   0.0,
   1.0
  ]
 ],
 "n_tokens": 134,
 "n_handwritten": 0,
 "n_redacted": 0,
 "n_cells": 89
}