{
 "page": "page_0048",
 "image": "page_0048.jpg",
 "seed": 1337,
 "doc_id": "POL-0005",
 "doc_class": "policy",
 "page_in_doc": 1,
 "distortions": [
  "rotate",
  "perspective"
 ],
 "artifacts": [
  "crease",
  "fax"
 ],
 "overlays": [],
 "orientation": 0,
 "size": [
  1000,
  1414
 ],
 "homography": [
  [
   1.0387459651815016,
   -0.09909722546311348,
   50.68875581167043
  ],
  [
   0.09728305814648747,
   0.9174083196140406,
   9.75078895962963
  ],
  [
   7.9197553761992e-05,
   -0.00011561367565270867,
   1.042140091805469
  ]
 ],
 "n_tokens": 52,
 "n_handwritten": 4,
 "n_redacted": 0,
 "n_cells": 20
}