{
 "page": "page_0083",
 "image": "page_0083.jpg",
 "seed": 1337,
 "doc_id": "DL-0007",
 "doc_class": "driver_license",
 "page_in_doc": 1,
 "distortions": [
  "skew",
  "perspective"
 ],
 "artifacts": [
  "fax"
 ],
 "overlays": [
  "watermark",
  "stamp"
 ],
 "orientation": 0,
 "size": [
  1000,
  1414
 ],
 "homography": [
  [
   0.9579813734670983,
   0.052201830588116185,
   -15.897380959347288
  ],
  [
   -0.059414337917523014,
   0.908735782484782,
   94.23097074202065
  ],
  [
   -8.403725306580342e-05,
   -0.00012908658771600842,
   1.1332828440481197
  ]
 ],
 "n_tokens": 30,
 "n_handwritten": 2,
 "n_redacted": 0,
 "n_cells": 0
}