{
 "page": "page_0061",
 "image": "page_0061.jpg",
 "seed": 1337,
 "doc_id": "W2-0001",
 "doc_class": "w2",
 "page_in_doc": 1,
 "distortions": [
  "rotate",
  "perspective"
 ],
 "artifacts": [
  "coffee",
  "fax",
  "lowdpi"
 ],
 "overlays": [
  "watermark",
  "stamp"
 ],
 "orientation": 180,
 "size": [
  1000,
  1414
 ],
 "homography": [
  [
   0.913154138140149,
   0.12342046805668913,
   -43.83533998615371
  ],
  [
   -0.19727516260472552,
   1.0598627087050363,
   56.31464624790215
  ],
  [
   -0.00016745978767445895,
   8.907875067561218e-05,
   1.0207512171095716
  ]
 ],
 "n_tokens": 58,
 "n_handwritten": 0,
 "n_redacted": 0,
 "n_cells": 21
}