{
 "page": "page_0091",
 "image": "page_0091.jpg",
 "seed": 1337,
 "doc_id": "INS-0001",
 "doc_class": "insurance_card",
 "page_in_doc": 1,
 "distortions": [
  "skew",
  "perspective"
 ],
 "artifacts": [],
 "overlays": [
  "stamp"
 ],
 "orientation": 0,
 "size": [
  1000,
  1414
 ],
 "homography": [
  [
   1.0580298593780366,
   0.020632717016162656,
   -43.60226061944536
  ],
  [
   0.08205422116054363,
   1.1037092203310068,
   -114.34952935429362
  ],
  [
   0.00011605971875607303,
   0.0001466891376676192,
   0.8382609202909568
  ]
 ],
 "n_tokens": 29,
 "n_handwritten": 0,
 "n_redacted": 0,
 "n_cells": 0
}