{
 "page": "page_0029",
 "image": "page_0029.jpg",
 "seed": 1337,
 "doc_id": "VER-0003",
 "doc_class": "verification",
 "page_in_doc": 4,
 "distortions": [
  "rotate"
 ],
 "artifacts": [
  "crease",
  "coffee"
 ],
 "overlays": [],
 "orientation": 0,
 "size": [
  1000,
  1414
 ],
 "homography": [
  [
   0.9983690502262712,
   -0.05708974995823014,
   41.177928107333116
  ],
  [
   0.05708974995823014,
   0.9983690502262712,
   -27.391793489088855
  ],
  [
   0.0,
   0.0,
   1.0
  ]
 ],
 "n_tokens": 137,
 "n_handwritten": 0,
 "n_redacted": 0,
 "n_cells": 89
}