{
 "page": "page_0039",
 "image": "page_0039.jpg",
 "seed": 1337,
 "doc_id": "POL-0001",
 "doc_class": "policy",
 "page_in_doc": 2,
 "distortions": [
  "rotate",
  "skew",
  "perspective"
 ],
 "artifacts": [],
 "overlays": [
  "watermark"
 ],
 "orientation": 0,
 "size": [
  1000,
  1414
 ],
 "homography": [
  [
   1.0027278149328185,
   0.011439315559562544,
   -9.451503567019927
  ],
  [
   -0.07784769600215936,
   1.0138716515023833,
   29.11659038889468
  ],
  [
   -6.380768931637617e-07,
   2.386317581918122e-05,
   0.9834477731424207
  ]
 ],
 "n_tokens": 53,
 "n_handwritten": 4,
 "n_redacted": 0,
 "n_cells": 20
}