{
 "page": "page_0056",
 "image": "page_0056.jpg",
 "seed": 1337,
 "doc_id": "PAY-0006",
 "doc_class": "paystub",
 "page_in_doc": 1,
 "distortions": [
  "rotate",
  "skew"
 ],
 "artifacts": [],
 "overlays": [],
 "orientation": 0,
 "size": [
  1000,
  1414
 ],
 "homography": [
  [
   0.9983088116852316,
   -0.05864549791499963,
   42.30796118328891
  ],
  [
   0.06636007324413999,
   0.9977957409605597,
   -31.621625481185674
  ],
  [
   0.0,
   0.0,
   1.0
  ]
 ],
 "n_tokens": 49,
 "n_handwritten": 1,
 "n_redacted": 0,
 "n_cells": 24
}