{
 "page": "page_0063",
 "image": "page_0063.jpg",
 "seed": 1337,
 "doc_id": "W2-0003",
 "doc_class": "w2",
 "page_in_doc": 1,
 "distortions": [
  "rotate",
  "skew"
 ],
 "artifacts": [
  "coffee"
 ],
 "overlays": [],
 "orientation": 0,
 "size": [
  1000,
  1414
 ],
 "homography": [
  [
   1.0027350402955406,
   0.057640211950999595,
   -42.11914999712701
  ],
  [
   0.03610669533924217,
   0.9993479406851645,
   -17.592341734032402
  ],
  [
   0.0,
   0.0,
   1.0
  ]
 ],
 "n_tokens": 58,
 "n_handwritten": 0,
 "n_redacted": 1,
 "n_cells": 21
}