{
 "page": "page_0060",
 "image": "page_0060.jpg",
 "seed": 1337,
 "doc_id": "PAY-0010",
 "doc_class": "paystub",
 "page_in_doc": 1,
 "distortions": [
  "rotate",
  "skew",
  "perspective"
 ],
 "artifacts": [],
 "overlays": [],
 "orientation": 90,
 "size": [
  1414,
  1000
 ],
 "homography": [
  [
   1.0652501171760673,
   0.17704587465180407,
   -157.7964919668591
  ],
  [
   0.06195770429552847,
   1.113607540172368,
   -111.29938304962843
  ],
  [
   0.0001359110548315384,
   0.0001615137008985006,
   0.8178542860489909
  ]
 ],
 "n_tokens": 49,
 "n_handwritten": 1,
 "n_redacted": 0,
 "n_cells": 24
}