{
 "page": "page_0087",
 "image": "page_0087.jpg",
 "seed": 1337,
 "doc_id": "TTL-0003",
 "doc_class": "vehicle_title",
 "page_in_doc": 1,
 "distortions": [
  "rotate",
  "skew"
 ],
 "artifacts": [
  "crease",
  "coffee"
 ],
 "overlays": [],
 "orientation": 0,
 "size": [
  1000,
  1414
 ],
 "homography": [
  [
   0.9979661975894799,
   0.12419962380440543,
   -86.79223282445457
  ],
  [
   -0.017623128690483783,
   0.9998447006086288,
   8.92136101494134
  ],
  [
   0.0,
   0.0,
   1.0
  ]
 ],
 "n_tokens": 37,
 "n_handwritten": 2,
 "n_redacted": 0,
 "n_cells": 0
}