{
 "page": "page_0030",
 "image": "page_0030.jpg",
 "seed": 1337,
 "doc_id": "VER-0004",
 "doc_class": "verification",
 "page_in_doc": 1,
 "distortions": [
  "rotate"
 ],
 "artifacts": [],
 "overlays": [
  "watermark"
 ],
 "orientation": 0,
 "size": [
  1000,
  1414
 ],
 "homography": [
  [
   0.9984076072632593,
   0.056411432873606254,
   -39.08668667326924
  ],
  [
   -0.056411432873606254,
   0.9984076072632593,
   29.331538101678802
  ],
  [
   0.0,
   0.0,
   1.0
  ]
 ],
 "n_tokens": 139,
 "n_handwritten": 1,
 "n_redacted": 0,
 "n_cells": 89
}