{
 "page": "page_0094",
 "image": "page_0094.jpg",
 "seed": 1337,
 "doc_id": "INS-0004",
 "doc_class": "insurance_card",
 "page_in_doc": 1,
 "distortions": [
  "rotate",
  "perspective"
 ],
 "artifacts": [
  "crease"
 ],
 "overlays": [],
 "orientation": 90,
 "size": [
  1414,
  1000
 ],
 "homography": [
  [
   0.9229711087626771,
   0.07058414911546237,
   -11.388547805970461
  ],
  [
   -0.10256691391139433,
   1.1087276559530204,
   -25.586995803088257
  ],
  [
   -0.00015401779332358315,
   0.00015381563016768265,
   0.9682612461332399
  ]
 ],
 "n_tokens": 29,
 "n_handwritten": 0,
 "n_redacted": 0,
 "n_cells": 0
}