{
 "page": "page_0034",
 "image": "page_0034.jpg",
 "seed": 1337,
 "doc_id": "VER-0004",
 "doc_class": "verification",
 "page_in_doc": 5,
 "distortions": [
  "rotate"
 ],
 "artifacts": [],
 "overlays": [
  "stamp"
 ],
 "orientation": 0,
 "size": [
  1000,
  1414
 ],
 "homography": [
  [
   0.9996222562651578,
   0.027483536514706183,
   -19.24198844847615
  ],
  [
   -0.027483536514706183,
   0.9996222562651578,
   14.008833077886493
  ],
  [
   0.0,
   0.0,
   1.0
  ]
 ],
 "n_tokens": 143,
 "n_handwritten": 2,
 "n_redacted": 0,
 "n_cells": 89
}