{
 "page": "page_0057",
 "image": "page_0057.jpg",
 "seed": 1337,
 "doc_id": "PAY-0007",
 "doc_class": "paystub",
 "page_in_doc": 1,
 "distortions": [
  "rotate",
  "skew",
  "perspective"
 ],
 "artifacts": [
  "crease"
 ],
 "overlays": [
  "watermark"
 ],
 "orientation": 0,
 "size": [
  1000,
  1414
 ],
 "homography": [
  [
   0.9502228516503417,
   -0.192959560619249,
   161.3109835326382
  ],
  [
   0.029456567261047714,
   0.909083978954341,
   49.549343248757054
  ],
  [
   -8.404030531266563e-05,
   -0.0001229971446816643,
   1.1289791339462694
  ]
 ],
 "n_tokens": 49,
 "n_handwritten": 1,
 "n_redacted": 0,
 "n_cells": 24
}