{
 "page": "page_0010",
 "image": "page_0010.jpg",
 "seed": 1337,
 "doc_id": "APP-0010",
 "doc_class": "application",
 "page_in_doc": 1,
 "distortions": [
  "rotate"
 ],
 "artifacts": [
  "staple"
 ],
 "overlays": [],
 "orientation": 0,
 "size": [
  1000,
  1414
 ],
 "homography": [
  [
   0.997370957395159,
   -0.0724649801260155,
   52.547262251513416
  ],
  [
   0.0724649801260155,
   0.997370957395159,
   -34.37375694138518
  ],
  [
   0.0,
   0.0,
   1.0
  ]
 ],
 "n_tokens": 70,
 "n_handwritten": 9,
 "n_redacted": 0,
 "n_cells": 21
}