{
 "page": "page_0090",
 "image": "page_0090.jpg",
 "seed": 1337,
 "doc_id": "TTL-0006",
 "doc_class": "vehicle_title",
 "page_in_doc": 1,
 "distortions": [
  "rotate"
 ],
 "artifacts": [
  "fax"
 ],
 "overlays": [
  "watermark"
 ],
 "orientation": 0,
 "size": [
  1000,
  1414
 ],
 "homography": [
  [
   0.9982564606530799,
   0.05902574662285766,
   -40.85943318890031
  ],
  [
   -0.05902574662285766,
   0.9982564606530799,
   30.745555629701357
  ],
  [
   0.0,
   0.0,
   1.0
  ]
 ],
 "n_tokens": 37,
 "n_handwritten": 2,
 "n_redacted": 0,
 "n_cells": 0
}