{
 "page": "page_0068",
 "image": "page_0068.jpg",
 "seed": 1337,
 "doc_id": "W2-0008",
 "doc_class": "w2",
 "page_in_doc": 1,
 "distortions": [
  "rotate",
  "skew"
 ],
 "artifacts": [],
 "overlays": [],
 "orientation": 90,
 "size": [
  1414,
  1000
 ],
 "homography": [
  [
   1.001957852100815,
   0.0017762764828430963,
   -2.234753523777556
  ],
  [
   -0.06427815827762871,
   0.9979320209154711,
   33.601140351576305
  ],
  [
   0.0,
   0.0,
   1.0
  ]
 ],
 "n_tokens": 58,
 "n_handwritten": 0,
 "n_redacted": 1,
 "n_cells": 21
}