{
 "page": "page_0013",
 "image": "page_0013.jpg",
 "seed": 1337,
 "doc_id": "APP-0013",
 "doc_class": "application",
 "page_in_doc": 1,
 "distortions": [
  "rotate",
  "perspective"
 ],
 "artifacts": [],
 "overlays": [
  "stamp"
 ],
 "orientation": 0,
 "size": [
  1000,
  1414
 ],
 "homography": [
  [
   0.9607404359178254,
   0.08054534510434387,
   -37.315776947683844
  ],
  [
   -0.1458230377341692,
   0.972056242771335,
   92.66775522775083
  ],
  [
   -6.909288685594209e-05,
   -3.2858043245348535e-05,
   1.0577770800024324
  ]
 ],
 "n_tokens": 71,
 "n_handwritten": 8,
 "n_redacted": 1,
 "n_cells": 21
}