{
 "page": "page_0070",
 "image": "page_0070.jpg",
 "seed": 1337,
 "doc_id": "INV-0002",
 "doc_class": "dealer_invoice",
 "page_in_doc": 1,
 "distortions": [
  "skew",
  "perspective"
 ],
 "artifacts": [
  "staple",
  "crease"
 ],
 "overlays": [],
 "orientation": 0,
 "size": [
  1000,
  1414
 ],
 "homography": [
  [
   0.9621755642789797,
   -0.012345330097151136,
   27.640366239196
  ],
  [
   -0.053483752109522796,
   0.8916820979103595,
   103.32263283213729
  ],
  [
   -7.564887144204073e-05,
   -0.00015320778230500792,
   1.146142337810661
  ]
 ],
 "n_tokens": 57,
 "n_handwritten": 1,
 "n_redacted": 0,
 "n_cells": 34
}