{
 "page": "page_0019",
 "image": "page_0019.jpg",
 "seed": 1337,
 "doc_id": "VER-0001",
 "doc_class": "verification",
 "page_in_doc": 3,
 "distortions": [
  "rotate"
 ],
 "artifacts": [
  "coffee"
 ],
 "overlays": [],
 "orientation": 0,
 "size": [
  1000,
  1414
 ],
 "homography": [
  [
   0.9996971389666157,
   0.024609557939204725,
   -17.247526946325593
  ],
  [
   -0.024609557939204725,
   0.9996971389666157,
   12.518901720205008
  ],
  [
   0.0,
   0.0,
   1.0
  ]
 ],
 "n_tokens": 141,
 "n_handwritten": 0,
 "n_redacted": 0,
 "n_cells": 89
}