{
 "page": "page_0095",
 "image": "page_0095.jpg",
 "seed": 1337,
 "doc_id": "INS-0005",
 "doc_class": "insurance_card",
 "page_in_doc": 1,
 "distortions": [
  "rotate"
 ],
 "artifacts": [
  "crease"
 ],
 "overlays": [
  "watermark"
 ],
 "orientation": 0,
 "size": [
  1000,
  1414
 ],
 "homography": [
  [
   0.9955370138810835,
   0.09437189196331401,
   -64.48943455860478
  ],
  [
   -0.09437189196331401,
   0.9955370138810835,
   50.34127716773094
  ],
  [
   0.0,
   0.0,
   1.0
  ]
 ],
 "n_tokens": 29,
 "n_handwritten": 0,
 "n_redacted": 0,
 "n_cells": 0
}