{
 "page": "page_0064",
 "image": "page_0064.jpg",
 "seed": 1337,
 "doc_id": "W2-0004",
 "doc_class": "w2",
 "page_in_doc": 1,
 "distortions": [
  "rotate",
  "skew"
 ],
 "artifacts": [
  "fax"
 ],
 "overlays": [
  "stamp"
 ],
 "orientation": 0,
 "size": [
  1000,
  1414
 ],
 "homography": [
  [
   0.9994433464027361,
   -0.03349266813007574,
   23.957643166595517
  ],
  [
   0.03645068202482164,
   0.9993354530786573,
   -17.755506339021508
  ],
  [
   0.0,
   0.0,
   1.0
  ]
 ],
 "n_tokens": 58,
 "n_handwritten": 0,
 "n_redacted": 1,
 "n_cells": 21
}