{
 "page": "page_0025",
 "image": "page_0025.jpg",
 "seed": 1337,
 "doc_id": "VER-0002",
 "doc_class": "verification",
 "page_in_doc": 5,
 "distortions": [
  "rotate",
  "skew"
 ],
 "artifacts": [],
 "overlays": [],
 "orientation": 0,
 "size": [
  1000,
  1414
 ],
 "homography": [
  [
   0.9962469187332202,
   -0.12963864649691967,
   93.53106370671208
  ],
  [
   0.03318219838667619,
   0.9994493192304587,
   -16.201767889272332
  ],
  [
   0.0,
   0.0,
   1.0
  ]
 ],
 "n_tokens": 143,
 "n_handwritten": 0,
 "n_redacted": 0,
 "n_cells": 89
}