{
 "page": "page_0066",
 "image": "page_0066.jpg",
 "seed": 1337,
 "doc_id": "W2-0006",
 "doc_class": "w2",
 "page_in_doc": 1,
 "distortions": [
  "rotate",
  "perspective"
 ],
 "artifacts": [],
 "overlays": [],
 "orientation": 0,
 "size": [
  1000,
  1414
 ],
 "homography": [
  [
   0.9741248605713584,
   0.08988490644016242,
   -50.611059138874
  ],
  [
   -0.05842393945001373,
   1.095482288252412,
   -38.29400806944841
  ],
  [
   -5.125806686211726e-05,
   0.0001354008405233312,
   0.9299006391810635
  ]
 ],
 "n_tokens": 58,
 "n_handwritten": 0,
 "n_redacted": 1,
 "n_cells": 21
}