{
 "page": "page_0018",
 "image": "page_0018.jpg",
 "seed": 1337,
 "doc_id": "VER-0001",
 "doc_class": "verification",
 "page_in_doc": 2,
 "distortions": [
  "rotate"
 ],
 "artifacts": [],
 "overlays": [
  "stamp"
 ],
 "orientation": 0,
 "size": [
  1000,
  1414
 ],
 "homography": [
  [
   0.9971599408677849,
   0.07531302894291009,
   -51.82628189652985
  ],
  [
   -0.07531302894291009,
   0.9971599408677849,
   39.664436277931145
  ],
  [
   0.0,
   0.0,
   1.0
  ]
 ],
 "n_tokens": 143,
 "n_handwritten": 2,
 "n_redacted": 0,
 "n_cells": 89
}