{
 "page": "page_0002",
 "image": "page_0002.jpg",
 "seed": 1337,
 "doc_id": "APP-0002",
 "doc_class": "application",
 "page_in_doc": 1,
 "distortions": [
  "rotate"
 ],
 "artifacts": [
  "coffee"
 ],
 "overlays": [
  "watermark"
 ],
 "orientation": 0,
 "size": [
  1000,
  1414
 ],
 "homography": [
  [
   0.9998923625904526,
   0.014671851733267505,
   -10.319180470646415
  ],
  [
   -0.014671851733267505,
   0.9998923625904526,
   7.412025515183814
  ],
  [
   0.0,
   0.0,
   1.0
  ]
 ],
 "n_tokens": 71,
 "n_handwritten": 9,
 "n_redacted": 0,
 "n_cells": 21
}