{
 "page": "page_0015",
 "image": "page_0015.jpg",
 "seed": 1337,
 "doc_id": "APP-0015",
 "doc_class": "application",
 "page_in_doc": 1,
 "distortions": [
  "rotate",
  "skew"
 ],
 "artifacts": [],
 "overlays": [],
 "orientation": 0,
 "size": [
  1000,
  1414
 ],
 "homography": [
  [
   0.9887066585509299,
   0.1629983258302609,
   -109.59314563745943
  ],
  [
   -0.09921067866655002,
   0.9950664506647395,
   53.093358713304156
  ],
  [
   0.0,
   0.0,
   1.0
  ]
 ],
 "n_tokens": 70,
 "n_handwritten": 9,
 "n_redacted": 0,
 "n_cells": 21
}