{
 "page": "page_0008",
 "image": "page_0008.jpg",
 "seed": 1337,
 "doc_id": "APP-0008",
 "doc_class": "application",
 "page_in_doc": 1,
 "distortions": [
  "skew",
  "perspective"
 ],
 "artifacts": [
  "coffee",
  "lowdpi"
 ],
 "overlays": [],
 "orientation": 0,
 "size": [
  1000,
  1414
 ],
 "homography": [
  [
   1.0021568828317953,
   0.015844506432203708,
   -12.28050746346571
  ],
  [
   0.0030498323241583566,
   1.0603721915157613,
   -44.208055563722496
  ],
  [
   4.313765663590321e-06,
   8.5392067207583e-05,
   0.9374709256524436
  ]
 ],
 "n_tokens": 63,
 "n_handwritten": 8,
 "n_redacted": 1,
 "n_cells": 14
}