{
 "page": "page_0022",
 "image": "page_0022.jpg",
 "seed": 1337,
 "doc_id": "VER-0002",
 "doc_class": "verification",
 "page_in_doc": 2,
 "distortions": [
  "rotate",
  "skew"
 ],
 "artifacts": [
  "holes",
  "staple"
 ],
 "overlays": [
  "watermark",
  "stamp"
 ],
 "orientation": 0,
 "size": [
  1000,
  1414
 ],
 "homography": [
  [
   0.9930550491949619,
   -0.13926317694952106,
   101.93154150583041
  ],
  [
   0.06490477262186842,
   0.997891462279793,
   -30.961650142747885
  ],
  [
   0.0,
   0.0,
   1.0
  ]
 ],
 "n_tokens": 142,
 "n_handwritten": 0,
 "n_redacted": 0,
 "n_cells": 89
}