{
 "page": "page_0096",
 "image": "page_0096.jpg",
 "seed": 1337,
 "doc_id": "INS-0006",
 "doc_class": "insurance_card",
 "page_in_doc": 1,
 "distortions": [
  "rotate"
 ],
 "artifacts": [
  "holes"
 ],
 "overlays": [],
 "orientation": 0,
 "size": [
  1000,
  1414
 ],
 "homography": [
  [
   0.994838897995469,
   0.10146707365032687,
   -69.15667006851561
  ],
  [
   -0.10146707365032687,
   0.994838897995469,
   54.3824359423669
  ],
  [
   0.0,
   0.0,
   1.0
  ]
 ],
 "n_tokens": 29,
 "n_handwritten": 0,
 "n_redacted": 0,
 "n_cells": 0
}