{
 "page": "page_0069",
 "image": "page_0069.jpg",
 "seed": 1337,
 "doc_id": "INV-0001",
 "doc_class": "dealer_invoice",
 "page_in_doc": 1,
 "distortions": [
  "rotate",
  "skew"
 ],
 "artifacts": [
  "crease"
 ],
 "overlays": [
  "watermark"
 ],
 "orientation": 0,
 "size": [
  1000,
  1414
 ],
 "homography": [
  [
   0.9955015715847458,
   0.09501366195701173,
   -64.92544479598018
  ],
  [
   -0.10211601616513506,
   0.9947724962234138,
   54.75385325261402
  ],
  [
   0.0,
   0.0,
   1.0
  ]
 ],
 "n_tokens": 57,
 "n_handwritten": 1,
 "n_redacted": 0,
 "n_cells": 34
}