{
 "page": "page_0035",
 "image": "page_0035.jpg",
 "seed": 1337,
 "doc_id": "VER-0005",
 "doc_class": "verification",
 "page_in_doc": 1,
 "distortions": [
  "rotate",
  "skew"
 ],
 "artifacts": [
  "staple",
  "crease",
  "lowdpi"
 ],
 "overlays": [],
 "orientation": 0,
 "size": [
  1000,
  1414
 ],
 "homography": [
  [
   0.9998064855053407,
   0.022555943692757163,
   -15.850294943449626
  ],
  [
   -0.011521321390334854,
   0.9999336273740476,
   5.807586141715774
  ],
  [
   0.0,
   0.0,
   1.0
  ]
 ],
 "n_tokens": 139,
 "n_handwritten": 0,
 "n_redacted": 0,
 "n_cells": 89
}