{
 "page": "page_0085",
 "image": "page_0085.jpg",
 "seed": 1337,
 "doc_id": "TTL-0001",
 "doc_class": "vehicle_title",
 "page_in_doc": 1,
 "distortions": [
  "rotate"
 ],
 "artifacts": [
  "staple"
 ],
 "overlays": [
  "stamp"
 ],
 "orientation": 0,
 "size": [
  1000,
  1414
 ],
 "homography": [
  [
   0.9946862056819236,
   0.10295315549364241,
   -70.13098377496692
  ],
  [
   -0.10295315549364241,
   0.9946862056819236,
   55.233430329701264
  ],
  [
   0.0,
   0.0,
   1.0
  ]
 ],
 "n_tokens": 37,
 "n_handwritten": 2,
 "n_redacted": 0,
 "n_cells": 0
}