{
 "page": "page_0024",
 "image": "page_0024.jpg",
 "seed": 1337,
 "doc_id": "VER-0002",
 "doc_class": "verification",
 "page_in_doc": 4,
 "distortions": [
  "rotate",
  "skew"
 ],
 "artifacts": [
  "fax"
 ],
 "overlays": [
  "watermark"
 ],
 "orientation": 0,
 "size": [
  1000,
  1414
 ],
 "homography": [
  [
   0.987622942134612,
   0.18102703178064258,
   -121.79758253622026
  ],
  [
   -0.09101489208216508,
   0.9958495315153147,
   48.44182725975497
  ],
  [
   0.0,
   0.0,
   1.0
  ]
 ],
 "n_tokens": 137,
 "n_handwritten": 2,
 "n_redacted": 0,
 "n_cells": 89
}