{
 "page": "page_0012",
 "image": "page_0012.jpg",
 "seed": 1337,
 "doc_id": "APP-0012",
 "doc_class": "application",
 "page_in_doc": 1,
 "distortions": [
  "rotate"
 ],
 "artifacts": [],
 "overlays": [],
 "orientation": 0,
 "size": [
  1000,
  1414
 ],
 "homography": [
  [
   0.9948537873937744,
   0.1013209835535696,
   -69.06082906926088
  ],
  [
   -0.1013209835535696,
   0.9948537873937744,
   54.29886408938626
  ],
  [
   0.0,
   0.0,
   1.0
  ]
 ],
 "n_tokens": 70,
 "n_handwritten": 9,
 "n_redacted": 0,
 "n_cells": 21
}