{
 "page": "page_0017",
 "image": "page_0017.jpg",
 "seed": 1337,
 "doc_id": "VER-0001",
 "doc_class": "verification",
 "page_in_doc": 1,
 "distortions": [
  "rotate"
 ],
 "artifacts": [],
 "overlays": [],
 "orientation": 0,
 "size": [
  1000,
  1414
 ],
 "homography": [
  [
   0.9997256166338271,
   -0.023424163722836507,
   16.698075435131898
  ],
  [
   0.023424163722836507,
   0.9997256166338271,
   -11.518092821533969
  ],
  [
   0.0,
   0.0,
   1.0
  ]
 ],
 "n_tokens": 141,
 "n_handwritten": 2,
 "n_redacted": 0,
 "n_cells": 89
}