{
 "page": "page_0006",
 "image": "page_0006.jpg",
 "seed": 1337,
 "doc_id": "APP-0006",
 "doc_class": "application",
 "page_in_doc": 1,
 "distortions": [
  "rotate",
  "skew",
  "perspective"
 ],
 "artifacts": [
  "crease",
  "coffee",
  "fax"
 ],
 "overlays": [
  "watermark"
 ],
 "orientation": 0,
 "size": [
  1000,
  1414
 ],
 "homography": [
  [
   0.9671482942199144,
   0.02832347957523326,
   -3.598847169647115
  ],
  [
   0.01597206276724837,
   1.0057632681756077,
   -12.0606619837788
  ],
  [
   -7.340241018073717e-05,
   1.1412913043893482e-05,
   1.028632275568336
  ]
 ],
 "n_tokens": 72,
 "n_handwritten": 8,
 "n_redacted": 1,
 "n_cells": 21
}