{
 "page": "page_0076",
 "image": "page_0076.jpg",
 "seed": 1337,
 "doc_id": "INV-0008",
 "doc_class": "dealer_invoice",
 "page_in_doc": 1,
 "distortions": [
  "skew",
  "perspective"
 ],
 "artifacts": [],
 "overlays": [],
 "orientation": 0,
 "size": [
  1000,
  1414
 ],
 "homography": [
  [
   0.977022495846392,
   0.01674605068886196,
   -0.35070576022138766
  ],
  [
   -0.03249019087320172,
   0.9173785719142731,
   74.65844509320982
  ],
  [
   -4.5955008307216016e-05,
   -0.00011686199163469145,
   1.105598932239335
  ]
 ],
 "n_tokens": 56,
 "n_handwritten": 1,
 "n_redacted": 0,
 "n_cells": 34
}