{
 "page": "page_0027",
 "image": "page_0027.jpg",
 "seed": 1337,
 "doc_id": "VER-0003",
 "doc_class": "verification",
 "page_in_doc": 2,
 "distortions": [
  "rotate"
 ],
 "artifacts": [
  "coffee"
 ],
 "overlays": [],
 "orientation": 0,
 "size": [
  1000,
  1414
 ],
 "homography": [
  [
   0.9995750656814636,
   0.029149409391920848,
   -20.396165280819787
  ],
  [
   -0.029149409391920848,
   0.9995750656814636,
   14.875133259165636
  ],
  [
   0.0,
   0.0,
   1.0
  ]
 ],
 "n_tokens": 140,
 "n_handwritten": 2,
 "n_redacted": 0,
 "n_cells": 89
}