{
 "page": "page_0014",
 "image": "page_0014.jpg",
 "seed": 1337,
 "doc_id": "APP-0014",
 "doc_class": "application",
 "page_in_doc": 1,
 "distortions": [
  "rotate",
  "skew"
 ],
 "artifacts": [
  "coffee"
 ],
 "overlays": [],
 "orientation": 0,
 "size": [
  1000,
  1414
 ],
 "homography": [
  [
   0.9999433173116299,
   -0.025200691381499805,
   17.845230150905422
  ],
  [
   0.0023597242995145313,
   0.9999972158467394,
   -1.1778937534020315
  ],
  [
   0.0,
   0.0,
   1.0
  ]
 ],
 "n_tokens": 63,
 "n_handwritten": 9,
 "n_redacted": 0,
 "n_cells": 14
}