{
 "page": "page_0041",
 "image": "page_0041.jpg",
 "seed": 1337,
 "doc_id": "POL-0002",
 "doc_class": "policy",
 "page_in_doc": 1,
 "distortions": [
  "rotate",
  "skew"
 ],
 "artifacts": [
  "holes",
  "coffee",
  "lowdpi"
 ],
 "overlays": [
  "watermark"
 ],
 "orientation": 0,
 "size": [
  1000,
  1414
 ],
 "homography": [
  [
   1.0031432142144103,
   -0.05638042844846478,
   38.28935580585943
  ],
  [
   -0.0408781336577178,
   0.9991641397631631,
   21.030020016302615
  ],
  [
   0.0,
   0.0,
   1.0
  ]
 ],
 "n_tokens": 57,
 "n_handwritten": 3,
 "n_redacted": 0,
 "n_cells": 26
}