{
 "page": "page_0028",
 "image": "page_0028.jpg",
 "seed": 1337,
 "doc_id": "VER-0003",
 "doc_class": "verification",
 "page_in_doc": 3,
 "distortions": [
  "rotate"
 ],
 "artifacts": [
  "holes",
  "fax"
 ],
 "overlays": [],
 "orientation": 0,
 "size": [
  1000,
  1414
 ],
 "homography": [
  [
   0.9999989148945897,
   0.0014731631420800812,
   -1.04098378874545
  ],
  [
   -0.0014731631420800812,
   0.9999989148945897,
   0.7373487405651531
  ],
  [
   0.0,
   0.0,
   1.0
  ]
 ],
 "n_tokens": 135,
 "n_handwritten": 0,
 "n_redacted": 0,
 "n_cells": 89
}