{
 "page": "page_0021",
 "image": "page_0021.jpg",
 "seed": 1337,
 "doc_id": "VER-0002",
 "doc_class": "verification",
 "page_in_doc": 1,
 "distortions": [
  "rotate",
  "skew"
 ],
 "artifacts": [
  "holes"
 ],
 "overlays": [],
 "orientation": 0,
 "size": [
  1000,
  1414
 ],
 "homography": [
  [
   0.9979463352810279,
   -0.09936007578690521,
   71.27440594082805
  ],
  [
   0.02342492593761294,
   0.9997255987743924,
   -11.51846130230183
  ],
  [
   0.0,
   0.0,
   1.0
  ]
 ],
 "n_tokens": 132,
 "n_handwritten": 2,
 "n_redacted": 0,
 "n_cells": 89
}