{
 "page": "page_0037",
 "image": "page_0037.jpg",
 "seed": 1337,
 "doc_id": "VER-0005",
 "doc_class": "verification",
 "page_in_doc": 3,
 "distortions": [
  "rotate",
  "skew"
 ],
 "artifacts": [
  "coffee"
 ],
 "overlays": [
  "stamp"
 ],
 "orientation": 0,
 "size": [
  1000,
  1414
 ],
 "homography": [
  [
   1.0036837919739756,
   0.022572858593190536,
   -17.8009070123735
  ],
  [
   0.066062637154643,
   0.997815477917723,
   -31.486861465151605
  ],
  [
   0.0,
   0.0,
   1.0
  ]
 ],
 "n_tokens": 138,
 "n_handwritten": 1,
 "n_redacted": 0,
 "n_cells": 89
}