{
 "page": "page_0005",
 "image": "page_0005.jpg",
 "seed": 1337,
 "doc_id": "APP-0005",
 "doc_class": "application",
 "page_in_doc": 1,
 "distortions": [
  "skew",
  "perspective"
 ],
 "artifacts": [
  "holes",
  "coffee"
 ],
 "overlays": [
  "stamp"
 ],
 "orientation": 0,
 "size": [
  1000,
  1414
 ],
 "homography": [
  [
   0.9328688847502151,
   -0.0211866141416492,
   48.54449382303841
  ],
  [
   -0.09492339696319577,
   0.9351001591431914,
   93.34588596736148
  ],
  [
   -0.0001342622304995697,
   -9.179609739294007e-05,
   1.1320309561065935
  ]
 ],
 "n_tokens": 71,
 "n_handwritten": 8,
 "n_redacted": 1,
 "n_cells": 21
}