{
 "page": "page_0054",
 "image": "page_0054.jpg",
 "seed": 1337,
 "doc_id": "PAY-0004",
 "doc_class": "paystub",
 "page_in_doc": 1,
 "distortions": [
  "rotate",
  "skew",
  "perspective"
 ],
 "artifacts": [
  "holes",
  "crease",
  "coffee"
 ],
 "overlays": [],
 "orientation": 0,
 "size": [
  1000,
  1414
 ],
 "homography": [
  [
   1.0623973778451774,
   -0.036030915298472146,
   -5.724831806568943
  ],
  [
   0.12691847504498668,
   0.9275462485105763,
   -12.23443521947081
  ],
  [
   0.0001219444696775835,
   -0.00010130836076845297,
   1.0106527762245046
  ]
 ],
 "n_tokens": 49,
 "n_handwritten": 1,
 "n_redacted": 0,
 "n_cells": 24
}