{
 "page": "page_0038",
 "image": "page_0038.jpg",
 "seed": 1337,
 "doc_id": "POL-0001",
 "doc_class": "policy",
 "page_in_doc": 1,
 "distortions": [
  "rotate",
  "skew",
  "perspective"
 ],
 "artifacts": [
  "crease"
 ],
 "overlays": [],
 "orientation": 0,
 "size": [
  1000,
  1414
 ],
 "homography": [
  [
   0.9760282589153755,
   0.06594503812669301,
   -34.63727141325967
  ],
  [
   -0.08068087564996773,
   1.103816098168912,
   -33.05754358043691
  ],
  [
   -5.069220662254682e-05,
   0.00014826306009266206,
   0.9205241198257613
  ]
 ],
 "n_tokens": 52,
 "n_handwritten": 4,
 "n_redacted": 0,
 "n_cells": 20
}