{
 "page": "page_0077",
 "image": "page_0077.jpg",
 "seed": 1337,
 "doc_id": "DL-0001",
 "doc_class": "driver_license",
 "page_in_doc": 1,
 "distortions": [
  "rotate"
 ],
 "artifacts": [
  "holes",
  "crease"
 ],
 "overlays": [],
 "orientation": 0,
 "size": [
  1000,
  1414
 ],
 "homography": [
  [
   0.9975571266444285,
   -0.0698554155446196,
   50.6092154678318
  ],
  [
   0.0698554155446196,
   0.9975571266444285,
   -33.2005963099208
  ],
  [
   0.0,
   0.0,
   1.0
  ]
 ],
 "n_tokens": 30,
 "n_handwritten": 2,
 "n_redacted": 0,
 "n_cells": 0
}