{
 "page": "page_0080",
 "image": "page_0080.jpg",
 "seed": 1337,
 "doc_id": "DL-0004",
 "doc_class": "driver_license",
 "page_in_doc": 1,
 "distortions": [
  "rotate",
  "skew"
 ],
 "artifacts": [],
 "overlays": [
  "stamp"
 ],
 "orientation": 0,
 "size": [
  1000,
  1414
 ],
 "homography": [
  [
   1.0034721791813328,
   -0.014317037895775936,
   8.386056201647193
  ],
  [
   0.09853026515482513,
   0.9951340547124894,
   -45.8249092591426
  ],
  [
   0.0,
   0.0,
   1.0
  ]
 ],
 "n_tokens": 30,
 "n_handwritten": 2,
 "n_redacted": 0,
 "n_cells": 0
}