{
 "page": "page_0059",
 "image": "page_0059.jpg",
 "seed": 1337,
 "doc_id": "PAY-0009",
 "doc_class": "paystub",
 "page_in_doc": 1,
 "distortions": [
  "rotate"
 ],
 "artifacts": [],
 "overlays": [],
 "orientation": 0,
 "size": [
  1000,
  1414
 ],
 "homography": [
  [
   0.9999683418187941,
   0.007957094958044994,
   -5.609837044734888
  ],
  [
   -0.007957094958044994,
   0.9999683418187941,
   4.000929813135031
  ],
  [
   0.0,
   0.0,
   1.0
  ]
 ],
 "n_tokens": 49,
 "n_handwritten": 1,
 "n_redacted": 0,
 "n_cells": 24
}