{
 "page": "page_0033",
 "image": "page_0033.jpg",
 "seed": 1337,
 "doc_id": "VER-0004",
 "doc_class": "verification",
 "page_in_doc": 4,
 "distortions": [
  "rotate"
 ],
 "artifacts": [
  "staple",
  "crease"
 ],
 "overlays": [
  "stamp"
 ],
 "orientation": 0,
 "size": [
  1000,
  1414
 ],
 "homography": [
  [
   0.9997717847441809,
   -0.02136301545744599,
   15.217759556323813
  ],
  [
   0.02136301545744599,
   0.9997717847441809,
   -10.520159542858892
  ],
  [
   0.0,
   0.0,
   1.0
  ]
 ],
 "n_tokens": 138,
 "n_handwritten": 1,
 "n_redacted": 0,
 "n_cells": 89
}