{
 "page": "page_0001",
 "image": "page_0001.jpg",
 "seed": 1337,
 "doc_id": "APP-0001",
 "doc_class": "application",
 "page_in_doc": 1,
 "distortions": [
  "rotate"
 ],
 "artifacts": [
  "staple",
  "crease",
  "coffee",
  "fax"
 ],
 "overlays": [],
 "orientation": 0,
 "size": [
  1000,
  1414
 ],
 "homography": [
  [
   0.9995802248209201,
   -0.028971954489797044,
   20.69305941382646
  ],
  [
   0.028971954489797044,
   0.9995802248209201,
   -14.189196193289035
  ],
  [
   0.0,
   0.0,
   1.0
  ]
 ],
 "n_tokens": 71,
 "n_handwritten": 9,
 "n_redacted": 0,
 "n_cells": 21
}