{
 "page": "page_0053",
 "image": "page_0053.jpg",
 "seed": 1337,
 "doc_id": "PAY-0003",
 "doc_class": "paystub",
 "page_in_doc": 1,
 "distortions": [
  "rotate",
  "skew",
  "perspective"
 ],
 "artifacts": [],
 "overlays": [
  "watermark",
  "stamp"
 ],
 "orientation": 90,
 "size": [
  1414,
  1000
 ],
 "homography": [
  [
   0.9615755515644321,
   0.05289150554421006,
   -18.18207020197258
  ],
  [
   -0.1314237983732301,
   0.9343870071645447,
   112.1002851212819
  ],
  [
   -6.762966989232518e-05,
   -8.785230333630186e-05,
   1.095926413404928
  ]
 ],
 "n_tokens": 49,
 "n_handwritten": 1,
 "n_redacted": 0,
 "n_cells": 24
}