{
 "page": "page_0007",
 "image": "page_0007.jpg",
 "seed": 1337,
 "doc_id": "APP-0007",
 "doc_class": "application",
 "page_in_doc": 1,
 "distortions": [
  "rotate"
 ],
 "artifacts": [],
 "overlays": [],
 "orientation": 0,
 "size": [
  1000,
  1414
 ],
 "homography": [
  [
   0.997601522365213,
   0.06921851323605147,
   -47.738250040494904
  ],
  [
   -0.06921851323605147,
   0.997601522365213,
   36.304980305820095
  ],
  [
   0.0,
   0.0,
   1.0
  ]
 ],
 "n_tokens": 70,
 "n_handwritten": 8,
 "n_redacted": 1,
 "n_cells": 21
}