{
 "page": "page_0036",
 "image": "page_0036.jpg",
 "seed": 1337,
 "doc_id": "VER-0005",
 "doc_class": "verification",
 "page_in_doc": 2,
 "distortions": [
  "rotate",
  "skew"
 ],
 "artifacts": [
  "holes"
 ],
 "overlays": [
  "watermark"
 ],
 "orientation": 0,
 "size": [
  1000,
  1414
 ],
 "homography": [
  [
   0.9973968122019274,
   -0.08079690408464557,
   58.425005086880674
  ],
  [
   0.04438367030395055,
   0.9990145593585462,
   -21.495128618467447
  ],
  [
   0.0,
   0.0,
   1.0
  ]
 ],
 "n_tokens": 141,
 "n_handwritten": 0,
 "n_redacted": 0,
 "n_cells": 89
}