{
 "page": "page_0016",
 "image": "page_0016.jpg",
 "seed": 1337,
 "doc_id": "APP-0016",
 "doc_class": "application",
 "page_in_doc": 1,
 "distortions": [
  "perspective"
 ],
 "artifacts": [
  "crease"
 ],
 "overlays": [
  "stamp"
 ],
 "orientation": 0,
 "size": [
  1000,
  1414
 ],
 "homography": [
  [
   1.0497787791402164,
   -0.04611915762621865,
   7.7168548716283
  ],
  [
   0.07038719370426612,
   0.9347875111165268,
   10.911632788482507
  ],
  [
   9.955755828043299e-05,
   -9.22383152524373e-05,
   1.0154337097432566
  ]
 ],
 "n_tokens": 63,
 "n_handwritten": 9,
 "n_redacted": 0,
 "n_cells": 14
}