{
 "page": "page_0009",
 "image": "page_0009.jpg",
 "seed": 1337,
 "doc_id": "APP-0009",
 "doc_class": "application",
 "page_in_doc": 1,
 "distortions": [
  "rotate",
  "skew"
 ],
 "artifacts": [],
 "overlays": [],
 "orientation": 0,
 "size": [
  1000,
  1414
 ],
 "homography": [
  [
   0.9994968656845195,
   0.03499759806722227,
   -24.491734675785892
  ],
  [
   -0.049771708080723724,
   0.9987606205065993,
   25.762095342196176
  ],
  [
   0.0,
   0.0,
   1.0
  ]
 ],
 "n_tokens": 63,
 "n_handwritten": 9,
 "n_redacted": 0,
 "n_cells": 14
}